More than the max Section 122 really long long long,active
Section 22,active
Section 32,active
Section 43,active
Section 53,active
Section 64,activexxx
74,active
Section 83,active
Section 92,active
Section 10,active
Section 11,active
Section 12,active
Section 13,active
Section 14,active
Section 15,active
Section 16,active
Section 17,active
Section 18,active
Section 19,active
Section 20,active
Section 21,active
Section 22,active
Section 23,active
Section 24,active
Section 25,active
Section 26,active
Section 27,active
Section 28,active
Section 29,active
Section 30,active
Section 31,active
Section 32,active
Section 33,active
Section 34,active
Section 35,active
Section 36,active
Section 37,active
Section 38,active
Section 39,active
Section 40,active
Section 41,active
Section 42,active
,active
