12345675,Group2,accepted
12345675,Group4,accepted
12345675,Group6,accepted
12345675,Group8,accepted
12345675,Group10,accepted
12345675,Group12,accepted
aaaaaaaa,Group14,accepted
123456752222,Group16,accepted
12345675,Group18,rejectedwithextremeprejudice
12345675,Group20,accepted
12345675,Group22,accepted
12345675,Group24,accepted
12345675,Group26,accepted
12345675,Group28,accepted
12345675,Group30,accepted
12345675,Group32,accepted
12345675,Group34,accepted
12345675,Group36,accepted
12345675,Group38,accepted
12345675,Group40,accepted
12345675,Group42,accepted
12345675,Group44,accepted
12345675,Group46,accepted
12345675,Group48,accepted
12345675,Group50,accepted
12345675,Group52,accepted
12345675,Group54,accepted
12345675,Group56,accepted
12345675,Group58,accepted
12345675,Group60,accepted
12345675,Group62,accepted
12345675,Group64,accepted
12345675,Group66,accepted
12345675,Group68,accepted
12345675,Group70,accepted
12345675,Group72,accepted
12345675,Group74,accepted
12345675,Group76,accepted
12345675,Group78,accepted
12345675,Group80,accepted
12345675,Group82,accepted
12345675,Group84,accepted
